<SFPAGE TITLE="Edit Payroll Component" ACCESS="hrm.setting.payroll.component:edit">
	<SFFORM TITLE="Edit Payroll Component" DATASOURCE="PayrollComponent" ACTION="PayrollComponent.Save" NAME="frmComponent" WIDTH="750" HEIGHT="600">
		<TOOLBAR>
			<BUTTON TYPE="Help"></BUTTON>
			<BUTTON TYPE="Close"></BUTTON>
		</TOOLBAR>
		
		<SCRIPT FOR="HEADER">
        	loadScript("#Application.PATH.LIB#/scripts/jquery.min.js",null,null);
        </SCRIPT>
		
		<FIELDSET>
		    <INPUT LABEL="Tax Country" NAME="taxcountry" PARAM="taxcountry" DEFAULT="#request.scookie.cotaxco#" TYPE="HIDDEN"/>
			<INPUT LABEL="Payroll Component Type" NAME="allowdeducttype" PARAM="allowdeducttype" TYPE="RADIO" OPTIONS="A=Allowance|D=Deduction|N=Neutral"/>
			<INPUT LABEL="Code" NAME="lbl_allowdeduct_code" PARAM="allowdeduct_code" REQUIRED="YES" TYPE="LABEL"/>
			<INPUT NAME="hdn_allowdeducttype" PARAM="allowdeducttype" TYPE="HIDDEN"/>
			<INPUT LABEL="" NAME="company_id" PARAM="company_id" DEFAULT="{REQUEST.SCOOKIE.COID}" TYPE="HIDDEN"/>
			<INPUT LABEL="Component Name" NAME="allowdeductname" PARAM="allowdeductname" MULTILANG="YES" REQUIRED="YES" TYPE="TEXT"/>
			<INPUT LABEL="Tax Flag" NAME="taxed" PARAM="taxed" TYPE="CHECKBOX" OPTIONS="Y=Taxed" ONCLICK="SwitchTax();"/>
			<INPUT LABEL="Affect HRD Levy" NAME="hrdlevy" PARAM="hrdlevy" TYPE="CHECKBOX" OPTIONS="Y=Yes"/>
			<INPUT LABEL="EIS" NAME="EIS" PARAM="EIS" TYPE="SELECT" REQUIRED="YES" OPTIONS="0=NotContributetoEIS|1=ContributetoEIS|E=EISEmployee|C=EISEmployer"/><!-- ENC50118-81352 by Kristian-->
			<INPUT LABEL="SOCSO" NAME="SOCSO" PARAM="SOCSO" TYPE="SELECT" REQUIRED="YES" OPTIONS="0=NotContributetoSOCSO|1=ContributetoSOCSO|E=SOCSOEmployee|C=SOCSOEmployer"/>
			<INPUT LABEL="EPF" NAME="EPF" PARAM="EPF" TYPE="SELECT" REQUIRED="YES" OPTIONS="0=Not Contribute to EPF|1=Contribute to EPF|2=Contribute to EPF Bonus|E=EPFEmployee|C=EPFEmployer"/>
			<INPUT LABEL="MPF" NAME="MPF" PARAM="MPF" TYPE="SELECT" OPTIONS="0=Not Specify|1=Contribute to MPF"/> <!-- TCK1911-0531474 -->
			<INPUT LABEL="Within Certain" NAME="SSS" PARAM="SSS" TYPE="CHECKBOX" OPTIONS="1=Affect SSS" GROUP="WC_PH"/>
			<INPUT LABEL="" NAME="PhilHealth" PARAM="PhilHealth" TYPE="CHECKBOX" OPTIONS="1=Affect PhilHealth" GROUP="WC_PH~"/>
			<INPUT LABEL="" NAME="Pagibig" PARAM="Pagibig" TYPE="CHECKBOX" OPTIONS="1=Affect HDMF/Pagibig" GROUP="WC_PH~"/>
			<INPUT LABEL="" NAME="MPF_PH" PARAM="MPF_PH" TYPE="CHECKBOX" OPTIONS="1=Affect MPF" GROUP="WC_PH~"/>
			<!--ENC50316-80248-->
			<INPUT LABEL="CPF" NAME="CPF" PARAM="CPF" TYPE="SELECT" OPTIONS="0=Not Contribute to CPF|1=Ordinary CPF|2=Additional CPF|3=CPF Employee|4=CPF Employer"/>
			<INPUT LABEL="SDL" NAME="SDL" PARAM="SDL" TYPE="SELECT" OPTIONS="0=Not Contribute to SDL|1=Contribute to SDL|2=SDL Employer"/>
			<INPUT LABEL="Received" NAME="netSG" PARAM="net" TYPE="Radio" OPTIONS="0*=Gross"/>
			<!--ENC50316-80248-->
			<INPUT LABEL="Received" NAME="netMY" PARAM="net" TYPE="Radio" OPTIONS="0*=Gross"/>
			<INPUT LABEL="Received" NAME="netID1" PARAM="net" TYPE="Radio" OPTIONS="1*=Net|0=Gross|2=Borne by Company"/>
			<INPUT LABEL="Received" NAME="netID2" PARAM="net" TYPE="Radio" OPTIONS="1*=Net|0=Gross"/>
			<INPUT LABEL="Received" NAME="netID3" PARAM="net" TYPE="Radio" OPTIONS="1*=Net|0=Gross|2=Borne by Company|3=Gross On Top"/><!--ENC50715-79336 -->
			<INPUT LABEL="Received" NAME="netID4" PARAM="net" TYPE="Radio" OPTIONS="1*=Net|0=Gross|3=Gross On Top"/><!--ENC50715-79336 -->
			<INPUT LABEL="Received" NAME="netTH" PARAM="net" TYPE="Radio" OPTIONS="1*=Net|0=Gross"/>
			<INPUT LABEL="Received" NAME="netPH" PARAM="net" TYPE="Radio" OPTIONS="1*=Net|0=Gross"/>
			<INPUT LABEL="Received" NAME="netVN" PARAM="net" TYPE="Radio" OPTIONS="0*=Gross|1=Net|2=Gross on Top"/> <!-- ENC50516-80383 -->
			<INPUT LABEL="Received" NAME="netKH" PARAM="net" TYPE="Radio" OPTIONS="1*=Net|0=Gross"/>
			<INPUT LABEL="Received" NAME="netMM" PARAM="net" TYPE="Radio" OPTIONS="0*=Gross"/> <!-- TCK2002-0548146 -->
			<!--<INPUT LABEL="Received" NAME="netHK" PARAM="net" TYPE="Radio" OPTIONS="1*=Net|0=Gross"/> TCK1911-0531474 -->
			<INPUT LABEL="Tax Class" NAME="taxclass" PARAM="taxclass" TYPE="RADIO" OPTIONS="F*=Fixed|V=Var|P=Pension"/>
			<INPUT LABEL="Fixed or Not" NAME="fixed" PARAM="fixed" TYPE="CHECKBOX" OPTIONS="Y=Fixed"/>
			<INPUT NAME="hdntaxclass" PARAM="taxclass" TYPE="HIDDEN"/>
			<INPUT LABEL="Class" NAME="allowdeduct_class" PARAM="taxclass" TYPE="SELECT" LISTSOURCE="PayrollComponent.refCompClass" REQUIRED="YES"/>
			<!--remark dulu karna belum ditesting QA <INPUT LABEL="Tax Exemption Limit" TYPE="SCRIPT" NAME="exemptionlimit" TEMPLATE="hrm.setting.payroll.component.taxexemptionlimit&amp;prm={LIMIT_TYPE}"/> ENC50616-80441-->
			<INPUT LABEL="" NAME="old_period_code" PARAM="period_code" TYPE="HIDDEN"/>
			<INPUT LABEL="Is Prorated" NAME="isprorated" PARAM="isprorated" TYPE="CHECKBOX" OPTIONS="Y=Yes" ONCHANGE="prorate_TH();"/>
			<INPUT LABEL="Full Value Referer" NAME="allowdeduct_referer" PARAM="allowdeduct_referer" TYPE="SELECT" LISTSOURCE="PayrollComponent.NetClass" REQUIRED="YES"/>
			
			<INPUT LABEL="Payroll Period" REQUIRED="YES" NAME="period_code" PARAM="period_code" TYPE="SELECT" SIZE="5~200px" LISTSOURCE="PayPeriod"/>
			<INPUT LABEL="~" NAME="hdn_period_code" PARAM="period_code" TYPE="hidden"/>
			<!--<INPUT LABEL="-" NAME="hdn_period_code" PARAM="period_code" TYPE="HIDDEN"/>-->
			<INPUT LABEL="Effective Date" REQUIRED="YES" NAME="effective_date" PARAM="effective_date" TYPE="DATE"/>
			<INPUT LABEL="End Date" NAME="end_date" PARAM="end_date" TYPE="DATE"/>
			<INPUT LABEL="Enabled" NAME="enabled" PARAM="enabled" TYPE="CHECKBOX" OPTIONS="Y=Yes"/>
			<INPUT LABEL="Enable Back Pay" NAME="enable_backpay" PARAM="enable_backpay" TYPE="CHECKBOX" OPTIONS="Y=Yes"/>
			<INPUT LABEL="Print On Pay Slip" NAME="onpayslip" PARAM="onpayslip" TYPE="CHECKBOX" OPTIONS="Y=Yes"/>
			<!--<INPUT LABEL="Default Amount of Rate" REQUIRED="YES" NAME="currency_code" PARAM="currency_code" TYPE="SELECT" LISTSOURCE="Currency" GROUP="amount"/>
				<INPUT LABEL="~" NAME="default_value" PARAM="default_value" TYPE="numeric" SIZE="15" DEFAULT="0" GROUP="amount~"/>-->
			<INPUT LABEL="Default Value" PARAM="default_value~currency_code" TYPE="MONEY"/>
			<INPUT LABEL="Reset Default Value To Zero" NAME="reset_value" PARAM="reset_value" TYPE="CHECKBOX" OPTIONS="Y=Yes"/>
			<INPUT LABEL="Is Component Loan" NAME="iscomponentloan" PARAM="iscomponentloan" TYPE="CHECKBOX" OPTIONS="Y=Yes" ONCHANGE="getLoan()"/>
			<INPUT LABEL="Type Of Loan" NAME="loan_code" PARAM="loan_code" TYPE="SELECT" LISTSOURCE="PayrollComponent.refLoanType"/>
			<INPUT LABEL="Formula" MAXLEN="4000" NAME="allowdeduct_formula" PARAM="allowdeduct_formula" REQUIRED="Yes" TYPE="MEMO" COL="50" ROW="4" ONMOUSEDOWN="return(formula('inp_allowdeduct_formula',event));"/>
			<INPUT LABEL="Apply Current Period for" NAME="label_" PARAM="label_" DEFAULT=":" TYPE="LABEL" GROUP="se"/>
			<INPUT LABEL="Select Employee" TYPE="BUTTON" ONCLICK="opensetemp()" SIZE="80" GROUP="se~"/>
			<INPUT LABEL="-" NAME="tc" TYPE="SCRIPT" TEMPLATE="hrm.setting.payroll.taxcomponent.taxcomponent"/>
			<INPUT LABEL="Included in Employee Cost Dashboard" NAME="costdash" PARAM="costdash" TYPE="CHECKBOX" OPTIONS="Y=Yes"/> 
			<INPUT LABEL="Uploading and Editing Component Values" NAME="editable_compresult" PARAM="editable_compresult" TYPE="CHECKBOX" OPTIONS="Y=Yes"/> 
			<INPUT LABEL="Included in Cost Center Assignment Schedule" NAME="assignschedule" PARAM="assignschedule" TYPE="CHECKBOX" OPTIONS="Y=Yes"/> <!-- TCK2003-0551272 -->
            <INPUT LABEL="Calculated Daily" NAME="calculatedaily" PARAM="calculatedaily" TYPE="CHECKBOX" OPTIONS="Y=Yes"/> <!--TCK2012-0608757-->
		</FIELDSET>

		<BUTTONLIST>
			<BUTTON TYPE="Cancel"></BUTTON>
			<BUTTON TYPE="Delete"></BUTTON>
			<!--<BUTTON LABEL="Apply to All" NAME="btnApply" TYPE="DELETE" PROMPT="Are you sure want to apply for all employees?" ACTION="PayrollComponent.ApplyAll"></BUTTON>-->
			<BUTTON TYPE="Apply to All" ACTION="doAct()" AUTH="hrm.setting.payroll.component:edit"/>
			<BUTTON TYPE="Submit" NAME="btnSave"></BUTTON>
		</BUTTONLIST>
		
		<SCRIPT FOR="FOOTER">
			var memoMaxChar=4000;
            function hideobjectbyid(objid){
                if(document.getElementById(objid)){
                    document.getElementById(objid).style.display = 'none';
                }                
                else{
                    console.log(objid+' : object is undefined');
                }
            };
            function showobjectbyid(objid){
                if(document.getElementById(objid)){
                    document.getElementById(objid).style.display = '';
                }       
                else{
                    console.log(objid+' : object is undefined');
                }
            };
            hideobjectbyid("tr_inp_loan_code");
            hideobjectbyid("tr_inp_iscomponentloan");
            
			for (var i=0; i &lt; document.frmComponent.inp_allowdeducttype.length; i++){
    			document.frmComponent.inp_allowdeducttype[i].disabled = true;
			}
			
			function opensetemp(){
				var split = document.getElementById('inp_hdn_period_code').value.split(",");
				var period_codenya = split[0];
								
				window.open ("?xfid=hrm.setting.payroll.component.setemployee&amp;allowdeduct_code=#allowdeduct_code#&amp;period_code="+period_codenya+"&amp;allowdeducttype="+document.frmComponent.inp_hdn_allowdeducttype.value,"mywindow","menubar=1,resizable=1");
			}			
			
            function loadXMLString(txt){
				if (window.DOMParser){
					parser=new DOMParser();
					xmlDoc=parser.parseFromString(txt,"text/xml");
				} else { // code for IE
					xmlDoc=new ActiveXObject("Microsoft.XMLDOM");
					xmlDoc.async=false;
					xmlDoc.loadXML(txt);
				}
				
				return xmlDoc;
			}
		
			var status = 0;
			
	    	function doAct(){
				var getconfirm = confirm('[SFTEXT:ERAre you sure want to apply for all employees?]');
				
				if(getconfirm){
    				var thisform=document.frmComponent;
    				var tmpAction = sLink;    
    				sLink="?ofid=PayrollComponent.ApplyAll";
    				thissubmit = validateForm(thisform,null,null,true);
	    		}else{
				    maskButton(false);
				}
				
				sLink=tmpAction; 
			}
			
			function ApplyAll(data,sLink){
			    sLink="?ofid=PayrollComponent.ApplyAll&amp;chkConfirm=1";
			    return validateForm(document.frmComponent);
			}
			
        	//start enc progress bar 
            $(document).ready(function(){
		    	if(!document.getElementById("divProgressBarBlock")){
		            $("head").append("&lt;link rel='stylesheet' type='text/css' href='?rcid=css/progressbar/progress.css'&gt;");
			    	$("body").append("&lt;div class='divProgressBarBlock' id='divProgressBarBlock'&gt;&lt;/div&gt;");
			    	$("##divProgressBarBlock").append("&lt;div class='pie_progress' id='pie_progress'&gt;"+
						"&lt;div class='divTitle' id='divTitle'&gt;Payroll Component&lt;/div&gt;"+  
						"&lt;div class='divPercentage' id='divPercentage'&gt;0%&lt;/div&gt;"+
						"&lt;div class='divLoadingBar' id='divLoadingBar' style='background-color: grey;' &gt;&amp;nbsp;&lt;/div&gt;"+
						"&lt;div class='divRemainingtime' id='divRemainingtime'&gt;&lt;/div&gt;"+
						"&lt;div class='divElapsedtime' id='divElapsedtime'&gt;&lt;/div&gt;"+
						"&lt;div class='divLog' id='divLog' style='overflow:auto;height:200px;display:none'&gt;&lt;/div&gt;"+
						"&lt;div class='divDetail' id='divDetail' &gt;  "+
						"&lt;input type='button' value='view' style='display:none;' name='btnviewall' id='btnviewall' onclick='viewall(1);' &gt; &lt;input type='button' value='hide' style='display:none;' name='btnhideall' id='btnhideall' onclick='viewall(2);' &gt; &lt;/div&gt;"+
						"&lt;div class='divProcessDetail' id='divProcessDetail' style='display:none;' &gt;&lt;table class='tblProcessDetail' id='tblProcessDetail'&gt;"+
						"&lt;/table&gt; &lt;table border='1' cellpadding='0' cellspacing='0' class='tblProcessDetailAll' width='100%' style='display:none;' id='tblProcessDetailAll' &gt; &lt;/table&gt; &lt;/div&gt;"+
						"&lt;table class='prg_footer' cellpadding='0' cellspacing='0' &gt;&lt;tr&gt;&lt;td id='error'&gt;&lt;/td&gt;&lt;td&gt;&lt;div class='divClose' id='divClose'&gt;  &lt;/div&gt;&lt;/td&gt;&lt;/tr&gt;&lt;tr&gt;&lt;td colspan='2'&gt;&lt;div class='errorlog' id='errorlog'&gt;&lt;/div&gt;&lt;/td&gt;&lt;/tr&gt;&lt;/table&gt;"+ 
						"&lt;/div&gt;");
				}
	        });
   
          	var listemp = "";
			var starttime = "";
			var elapsedtimer = "";
			var remainingtime = "";
			var errorcount = 0;
			var starttime = new Date();
         
           	function processprogressbar(transid,data){
           		var sLink="?ofid=PayrollComponent.ApplyAll&amp;chkConfirm=1&amp;process=yes&amp;transid="+transid;
           		
             	$.post(sLink,data).done(function(result) {
					result = result.trim() //BUG51115-54455
					xmlDoc=loadXMLString(result);	

					var currentrow = xmlDoc.getElementsByTagName("ROWSEKARANG")[0].childNodes[0].nodeValue;
					var lastrow = xmlDoc.getElementsByTagName("NILAI")[0].childNodes[0].nodeValue;
					var listLog = xmlDoc.getElementsByTagName("ERROR");

					if(eval(currentrow) &lt; eval(lastrow)){ 
						countelapsed();
						dispProgressBar(lastrow,currentrow);
						processprogressbar(transid,data);
					} else if(eval(currentrow) &gt;= eval(lastrow)){ 
						dispProgressBar(lastrow,currentrow);
						
						if(listLog.length){
							alert('Process Complete with Exception');	  
							$("##errorlog").append("&lt;/table&gt;");
						} else{
							alert('Process Complete');	
						}
						
						document.getElementById("divClose").innerHTML = "&lt;input type='button' value='close' name='btnclose' onclick='closebar();' &gt; ";
					}
             	});        
            }
            
        	function dispProgressBar(total,current){
				var seconds = 1000;
				var minutes = seconds * 60;
				var hours = minutes * 60;
				var currenttime = new Date();
				var elapsetime = currenttime.getTime() - starttime.getTime();
				remainingtime = elapsetime*total/current - elapsetime;
				var second = Math.floor(remainingtime / seconds) % 60;
				var minute = Math.floor(remainingtime / minutes) % 60;
				var hour = Math.floor(remainingtime / hours);
				var percentage = Math.round(current/total*100);
				document.getElementById("divPercentage").innerHTML =percentage+"%";
				document.getElementById("divLoadingBar").style.background = "url('#Application.PATH.LIB#/skins/def/images/misc/loadingbar.gif')";
				document.getElementById("divLoadingBar").style.width = Math.max(1,percentage)+"%";
				document.getElementById("divRemainingtime").innerHTML = "Estimated Time Left : ";
				
				if(current == 0){
					document.getElementById("divRemainingtime").innerHTML += "Unknown";
				}else{
					if(hour &gt; 0){
						document.getElementById("divRemainingtime").innerHTML += hour+" hour ";
					}
					if(minute  &gt; 0){
						document.getElementById("divRemainingtime").innerHTML += minute+" minute ";
					}
					if(remainingtime  &lt; 60000){
						document.getElementById("divRemainingtime").innerHTML += second+" s ";
					}
				}
			}
		
			function countelapsed(){
				$(".divProgressBarBlock").show();
				var seconds = 1000;
				var minutes = seconds * 60;
				var hours = minutes * 60;
				var currenttime = new Date();
				var elapsedtime = currenttime.getTime() - starttime.getTime();
				var second = Math.floor(elapsedtime / seconds) % 60;
				var minute = Math.floor(elapsedtime / minutes) % 60;
				var hour = Math.floor(elapsedtime / hours);
				document.getElementById("divElapsedtime").innerHTML = "";
				
				if(hour &gt; 0){
					document.getElementById("divElapsedtime").innerHTML += hour+" hour ";
				}
				if(minute  &gt; 0){
					document.getElementById("divElapsedtime").innerHTML += minute+" minute ";
				}
				
				document.getElementById("divElapsedtime").innerHTML += second+" s ";
			}
        
        	function clearall(){
	   	        var listemp = "";
		        var starttime = "";
		        var elapsedtimer = "";
		        var remainingtime = "";
		        var errorcount = 0;
		        var starttime = "";
		    }

			function closebar(){
				clearInterval(elapsedtimer);
				$(".divProgressBarBlock").hide();
				maskButton(false);
			    clearall();
				this.window.frames[0].location.reload()
				$("##divProgressBarBlock").remove();
			}
           	//end enc progress bar

			function chg_adtype(){
				if('#REQUEST.SCookie.COTAXCO#' != 'MY'){
					for (var i=0; i &lt; document.frmComponent.inp_allowdeducttype.length; i++){
						if(document.frmComponent.inp_allowdeducttype[i].checked == true){
							var adtypeval = document.frmComponent.inp_allowdeducttype[i].value;
							
							if (adtypeval != 'D'){
								document.frmComponent.inp_taxclass[2].disabled = true;
								document.frmComponent.inp_taxclass[2].style.display = 'none';//BUG50315-39378
								$(document.frmComponent.inp_taxclass[2]).next().hide();//BUG50215-37366
							} else{
								document.frmComponent.inp_taxclass[2].disabled = false;
								$(document.frmComponent.inp_taxclass[2]).next().show();//BUG50215-37366
							}
						}
					}
    				
    				if('#REQUEST.SCookie.COTAXCO#' == 'KH'){
    				    for (var i=0; i &lt; document.frmComponent.inp_allowdeducttype.length; i++){
    						if(document.frmComponent.inp_allowdeducttype[i].checked == true){
    							var adtypeval = document.frmComponent.inp_allowdeducttype[i].value;
    							
    							if (adtypeval == 'A'){
    								document.getElementById('tr_inp_netKH').style.display = '';
    								document.getElementById('tr_inp_fixed').style.display = '';
    								document.getElementById('tr_inp_taxed').style.display = '';	
    								document.frmComponent.inp_netKH[0].disabled = true;
    								document.frmComponent.inp_netKH[1].disabled = true;
    							}else if (adtypeval == 'N'){
    								document.getElementById('tr_inp_netKH').style.display = 'none';
    								document.getElementById('tr_inp_fixed').style.display = 'none';	
    								document.getElementById('tr_inp_taxed').style.display = 'none';
    							}else{
    								document.getElementById('tr_inp_netKH').style.display = '';
    								document.getElementById('tr_inp_fixed').style.display = '';
    								document.getElementById('tr_inp_taxed').style.display = '';
    								document.frmComponent.inp_netKH[0].disabled = false;
    								document.frmComponent.inp_netKH[1].disabled = false;
    							}
    						}
    					}
    				}
				}else if ('#REQUEST.SCookie.COTAXCO#' != 'PH'){
					for (var i=0; i &lt; document.frmComponent.inp_allowdeducttype.length; i++){
						if(document.frmComponent.inp_allowdeducttype[i].checked == true){
							var adtypeval = document.frmComponent.inp_allowdeducttype[i].value;
							
							if (adtypeval == 'A'){
								document.frmComponent.inp_netPH[0].disabled = true;
								document.frmComponent.inp_netPH[1].disabled = true;
								document.frmComponent.inp_fixed.disabled = true;
							}else if(adtypeval == 'N'){
								document.getElementById('tr_inp_netPH').style.display = 'none';
								document.getElementById('tr_inp_fixed').style.display = 'none';
								document.getElementById('tr_inp_taxed').style.display = 'none';
							}
						}
					}
				}else if('#REQUEST.SCookie.COTAXCO#' == 'VN'){
					for (var i=0; i &lt; document.frmComponent.inp_allowdeducttype.length; i++){
						if(document.frmComponent.inp_allowdeducttype[i].checked == true){
							var adtypeval = document.frmComponent.inp_allowdeducttype[i].value;
							
							if (adtypeval == 'A'){
								document.getElementById('tr_inp_netVN').style.display = '';
								document.getElementById('tr_inp_fixed').style.display = '';
								document.getElementById('tr_inp_taxed').style.display = '';	
								document.frmComponent.inp_netVN[0].disabled = true;
								document.frmComponent.inp_netVN[1].disabled = true;
								document.frmComponent.inp_netVN[2].disabled = true;
								document.frmComponent.inp_fixed.disabled = true;
							}else if (adtypeval == 'N'){
								document.getElementById('tr_inp_netVN').style.display = 'none';
								document.getElementById('tr_inp_fixed').style.display = 'none';	
								document.getElementById('tr_inp_taxed').style.display = 'none';
							}else{
								document.getElementById('tr_inp_netVN').style.display = '';
								document.getElementById('tr_inp_fixed').style.display = '';
								document.getElementById('tr_inp_taxed').style.display = '';
								document.frmComponent.inp_netVN[0].disabled = false;
								document.frmComponent.inp_netVN[1].disabled = false;
								document.frmComponent.inp_netVN[2].disabled = false;
								document.frmComponent.inp_fixed.disabled = false;
							}
						}
					}
				}
			}
			
			chg_adtype();
			
			function SwitchTax(){
				if('#REQUEST.SCookie.COTAXCO#' == 'ID'){	
					if(document.frmComponent.inp_taxed.checked == false){
						document.frmComponent.inp_taxclass[0].disabled = true;
						document.frmComponent.inp_taxclass[1].disabled = true;
						document.frmComponent.inp_taxclass[2].disabled = true;
						document.frmComponent.inp_taxclass.value = 'F';
						document.frmComponent.inp_netID1[0].disabled = true;
						document.frmComponent.inp_netID1[1].disabled = true;
						document.frmComponent.inp_netID1[2].disabled = true;
					    document.frmComponent.inp_netID1.value = '1';
						document.frmComponent.inp_netID2[0].disabled = true;
						document.frmComponent.inp_netID2[1].disabled = true;
						document.frmComponent.inp_netID2.value = '1';
						document.frmComponent.inp_netID3[0].disabled = true;
						document.frmComponent.inp_netID3[1].disabled = true;
						document.frmComponent.inp_netID3[2].disabled = true;
						document.frmComponent.inp_netID3[3].disabled = true; 
						document.frmComponent.inp_netID3.value = '1';
						document.frmComponent.inp_netID4[0].disabled = true;
						document.frmComponent.inp_netID4[1].disabled = true;
						document.frmComponent.inp_netID4[2].disabled = true; 
						document.frmComponent.inp_netID4.value = '1';
					} else {
    					document.frmComponent.inp_taxclass[0].disabled = false;
						document.frmComponent.inp_taxclass[1].disabled = false;
						document.frmComponent.inp_taxclass[2].disabled = false;//BUG50315-39378
						document.frmComponent.inp_netID1[0].disabled = false;
						document.frmComponent.inp_netID1[1].disabled = false;
						document.frmComponent.inp_netID1[2].disabled = false;
						document.frmComponent.inp_netID2[0].disabled = false;
						document.frmComponent.inp_netID2[1].disabled = false;	
						document.frmComponent.inp_netID3[0].disabled = false;
						document.frmComponent.inp_netID3[1].disabled = false;
						document.frmComponent.inp_netID3[2].disabled = false;
						document.frmComponent.inp_netID3[3].disabled = false 
						document.frmComponent.inp_netID4[0].disabled = false;
						document.frmComponent.inp_netID4[1].disabled = false;	
						document.frmComponent.inp_netID4[2].disabled = false; 
					}
				} else if('#REQUEST.SCookie.COTAXCO#' == 'MY'){					
					if(document.frmComponent.inp_taxed.checked == false){						
						document.frmComponent.inp_taxclass[0].disabled = true;
						document.frmComponent.inp_taxclass[1].disabled = true;
						document.frmComponent.inp_taxclass[2].disabled = true;
						document.frmComponent.inp_taxclass.value = 'F';
						document.frmComponent.inp_netMY.disabled = true;															
					} else {
						document.frmComponent.inp_taxclass[0].disabled = false;
						document.frmComponent.inp_taxclass[1].disabled = false;
						document.frmComponent.inp_taxclass[2].disabled = false;
						document.frmComponent.inp_netMY.disabled = false;						
					}
				} else if('#REQUEST.SCookie.COTAXCO#' == 'PH'){					
					if(document.frmComponent.inp_taxed.checked == false){
						document.frmComponent.inp_netPH[0].disabled = true;
						document.frmComponent.inp_netPH[1].disabled = true;	
						document.frmComponent.inp_netPH.value = '1';
					} else {
						document.frmComponent.inp_netPH[0].disabled = false;
						document.frmComponent.inp_netPH[1].disabled = false;
					}
				} else if('#REQUEST.SCookie.COTAXCO#' == 'SG'){					
					if(document.frmComponent.inp_taxed.checked == false){	
						document.frmComponent.inp_netSG.disabled = true;
						document.frmComponent.inp_fixed.disabled = true;
					} else {
						document.frmComponent.inp_netSG.disabled = false;
						document.frmComponent.inp_fixed.disabled = false;
					}
				} else if('#REQUEST.SCookie.COTAXCO#' == 'VN'){
    				var adtypeval = document.frmComponent.inp_allowdeducttype.value;
    				
    				if (adtypeval == 'A'){
    					if(document.frmComponent.inp_taxed.checked == false){	
    						document.frmComponent.inp_netVN[0].disabled = true;
    						document.frmComponent.inp_netVN[1].disabled = true;
    						document.frmComponent.inp_netVN[2].disabled = true;
    						document.frmComponent.inp_fixed.disabled = true;
    						document.frmComponent.inp_netVN.value = '1';
    					} else {
    						document.frmComponent.inp_netVN[0].disabled = false;
    						document.frmComponent.inp_netVN[1].disabled = false;
    						document.frmComponent.inp_netVN[2].disabled = false;
    						document.frmComponent.inp_fixed.disabled = false;
    					}
    				}
				} else if('#REQUEST.SCookie.COTAXCO#' == 'KH'){
				//BUG50118-87651
    				if(document.frmComponent.inp_taxed.checked == false){	
						document.frmComponent.inp_netKH[0].disabled = true;
						document.frmComponent.inp_netKH[1].disabled = true;	
					} else {
						document.frmComponent.inp_netKH[0].disabled = false;
						document.frmComponent.inp_netKH[1].disabled = false;
					}
				<!--
				} else if('#REQUEST.SCookie.COTAXCO#' == 'HK'){
				    //TCK1911-0531474
				    if(document.frmComponent.inp_taxed.checked == false){
				        document.frmComponent.inp_netHK[0].disabled = true;
				        document.frmComponent.inp_netHK[1].disabled = true;
				    } else {
				        document.frmComponent.inp_netHK[0].disabled = false;
				        document.frmComponent.inp_netHK[1].disabled = false;
				    }
				-->
				}
			}
			
			SwitchTax();
			
			function payroll_ID(){
				if('#REQUEST.SCookie.COTAXCO#' == 'ID'){
					document.getElementById('tr_inp_netMY').style.display = 'none';
					document.getElementById('tr_inp_netSG').style.display = 'none';
					document.getElementById('tr_inp_netTH').style.display = 'none';
					document.getElementById('tr_inp_netPH').style.display = 'none';
					document.getElementById('tr_inp_netVN').style.display = 'none';
					document.getElementById('tr_inp_netKH').style.display = 'none';
				    document.getElementById('tr_inp_netMM').style.display = 'none'; // TCK2002-0548146
					document.getElementById('tr_inp_allowdeduct_class').style.display = 'none';
					document.getElementById('tr_inp_SOCSO').style.display = 'none';
					document.getElementById('tr_inp_EPF').style.display = 'none';
					document.getElementById('tr_inp_EIS').style.display = 'none';
					document.getElementById('tr_inp_SSS').style.display = 'none';
					document.getElementById('tr_inp_MPF').style.display = 'none'; //TCK1911-0531474
					document.getElementById('tr_inp_fixed').style.display = 'none';	
					document.getElementById('tr_inp_isprorated').style.display = 'none';
					document.getElementById('tr_inp_allowdeduct_referer').style.display = 'none';
					
					if(!document.getElementById('tr_inp_CPF')){}else{
						document.getElementById('tr_inp_CPF').style.display = 'none';
					}
					
					if(!document.getElementById('tr_inp_SDL')){}else{
						document.getElementById('tr_inp_SDL').style.display = 'none';
					}
				
					if(!document.getElementById('tr_inp_hrdlevy')){}else{
						document.getElementById('tr_inp_hrdlevy').style.display = 'none';
					}
				} else if ('#REQUEST.SCookie.COTAXCO#' == 'MY'){
					document.getElementById('tr_inp_netID1').style.display = 'none';
					document.getElementById('tr_inp_netID2').style.display = 'none';
					document.getElementById('tr_inp_netSG').style.display = 'none';
					//ENC50715-79336
					document.getElementById('tr_inp_netID3').style.display = 'none';
					document.getElementById('tr_inp_netID4').style.display = 'none';
					document.getElementById('tr_inp_netVN').style.display = 'none';
					document.getElementById('tr_inp_netTH').style.display = 'none';
					document.getElementById('tr_inp_netPH').style.display = 'none';
					document.getElementById('tr_inp_netKH').style.display = 'none';
				    document.getElementById('tr_inp_netMM').style.display = 'none'; // TCK2002-0548146
					document.getElementById('tr_inp_MPF').style.display = 'none'; //TCK1911-0531474
					document.getElementById('tr_inp_SSS').style.display = 'none';
					document.getElementById('tr_inp_taxclass').style.display = 'none';
					document.getElementById('tr_inp_fixed').style.display = 'none';
					document.getElementById('tr_inp_isprorated').style.display = 'none';
					document.getElementById('tr_inp_allowdeduct_referer').style.display = 'none';
					
					if(!document.getElementById('tr_inp_CPF')){}else{
						document.getElementById('tr_inp_CPF').style.display = 'none';
					}
					
					if(!document.getElementById('tr_inp_SDL')){}else{
						document.getElementById('tr_inp_SDL').style.display = 'none';
					}
					
					document.getElementById('tr_inp_hrdlevy').style.display = '';//ENC50716-80498
					document.getElementById('tr_inp_calculatedaily').style.display = 'none';
				} else if ('#REQUEST.SCookie.COTAXCO#' == 'TH'){
					document.getElementById('tr_inp_netKH').style.display = 'none';
					document.getElementById('tr_inp_netMY').style.display = 'none';
					document.getElementById('tr_inp_netID1').style.display = 'none';
					document.getElementById('tr_inp_netID2').style.display = 'none';
					document.getElementById('tr_inp_netSG').style.display = 'none';
					document.getElementById('tr_inp_netVN').style.display = 'none';
					document.getElementById('tr_inp_netID3').style.display = 'none';
					document.getElementById('tr_inp_netID4').style.display = 'none';
					document.getElementById('tr_inp_netPH').style.display = 'none';
				    document.getElementById('tr_inp_netMM').style.display = 'none'; // TCK2002-0548146
					document.getElementById('tr_inp_SOCSO').style.display = 'none';
					document.getElementById('tr_inp_EPF').style.display = 'none';
					document.getElementById('tr_inp_EIS').style.display = 'none';
					document.getElementById('tr_inp_SSS').style.display = 'none';
					document.getElementById('tr_inp_MPF').style.display = 'none'; //TCK1911-0531474
					document.getElementById('tr_inp_taxclass').style.display = 'none';
					
					if(document.getElementById('inp_hdn_allowdeducttype').value == 'N'){
						document.getElementById('tr_inp_isprorated').style.display = 'none';
						
						if(!document.getElementById('tr_inp_allowdeduct_referer')){}else{
							document.getElementById('tr_inp_allowdeduct_referer').style.display = 'none';
						}
					}else{
						document.getElementById('tr_inp_isprorated').style.display = '';
					}
					if(!document.getElementById('tr_inp_isprorated')){}else{
						if(!document.getElementById('inp_isprorated').checked){
							document.getElementById('tr_inp_allowdeduct_referer').style.display = 'none';
						}else{
							document.getElementById('tr_inp_allowdeduct_referer').style.display = '';	
						}
					}
					if(!document.getElementById('tr_inp_CPF')){}else{
						document.getElementById('tr_inp_CPF').style.display = 'none';
					}
					
					if(!document.getElementById('tr_inp_SDL')){}else{
						document.getElementById('tr_inp_SDL').style.display = 'none';
					}
				
					if(!document.getElementById('tr_inp_hrdlevy')){}else{
						document.getElementById('tr_inp_hrdlevy').style.display = 'none';
					}
					document.getElementById('tr_inp_calculatedaily').style.display = 'none';
				} else if ('#REQUEST.SCookie.COTAXCO#' == 'PH'){
				    showobjectbyid('tr_inp_iscomponentloan');
					document.getElementById('tr_inp_netID1').style.display = 'none';
					document.getElementById('tr_inp_netID2').style.display = 'none';
					document.getElementById('tr_inp_netSG').style.display = 'none';
					//ENC50715-79336
					document.getElementById('tr_inp_netID3').style.display = 'none';
					document.getElementById('tr_inp_netID4').style.display = 'none';
					document.getElementById('tr_inp_netKH').style.display = 'none';
					document.getElementById('tr_inp_netTH').style.display = 'none';
					document.getElementById('tr_inp_netMY').style.display = 'none';
					document.getElementById('tr_inp_netVN').style.display = 'none';
				    document.getElementById('tr_inp_netMM').style.display = 'none'; // TCK2002-0548146
					document.getElementById('tr_inp_SOCSO').style.display = 'none';
					document.getElementById('tr_inp_EPF').style.display = 'none';
					document.getElementById('tr_inp_EIS').style.display = 'none';
					document.getElementById('tr_inp_MPF').style.display = 'none'; //TCK1911-0531474
					document.getElementById('tr_inp_taxclass').style.display = 'none';
					document.getElementById('tr_inp_isprorated').style.display = 'none';
					document.getElementById('tr_inp_allowdeduct_referer').style.display = 'none';

					if(!document.getElementById('tr_inp_CPF')){}else{
						document.getElementById('tr_inp_CPF').style.display = 'none';
					}
					
					if(!document.getElementById('tr_inp_SDL')){}else{
						document.getElementById('tr_inp_SDL').style.display = 'none';
					}
					if(!document.getElementById('tr_inp_hrdlevy')){}else{
						document.getElementById('tr_inp_hrdlevy').style.display = 'none';
					}
					document.getElementById('tr_inp_calculatedaily').style.display = 'none';
				} else if ('#REQUEST.SCookie.COTAXCO#' == 'OTH'){
    				document.getElementById('tr_inp_netKH').style.display = 'none';
					document.getElementById('tr_inp_netMY').style.display = 'none';
					document.getElementById('tr_inp_netTH').style.display = 'none';
					document.getElementById('tr_inp_netPH').style.display = 'none';
					document.getElementById('tr_inp_netVN').style.display = 'none';
				    document.getElementById('tr_inp_netMM').style.display = 'none'; // TCK2002-0548146
					document.getElementById('tr_inp_allowdeduct_class').style.display = 'none';
					document.getElementById('tr_inp_SOCSO').style.display = 'none';
					document.getElementById('tr_inp_EPF').style.display = 'none';
					document.getElementById('tr_inp_EIS').style.display = 'none';
					document.getElementById('tr_inp_SSS').style.display = 'none';
					document.getElementById('tr_inp_MPF').style.display = 'none'; //TCK1911-0531474
					document.getElementById('tr_inp_fixed').style.display = 'none';	
					document.getElementById('tr_inp_taxed').style.display = 'none';
					document.getElementById('tr_inp_netID1').style.display = 'none';
					document.getElementById('tr_inp_netID2').style.display = 'none';
					document.getElementById('tr_inp_netSG').style.display = 'none';
					//ENC50715-79336
					document.getElementById('tr_inp_netID3').style.display = 'none';
					document.getElementById('tr_inp_netID4').style.display = 'none';
					document.getElementById('tr_inp_taxclass').style.display = 'none';
					document.getElementById('tr_inp_isprorated').style.display = 'none';
					document.getElementById('tr_inp_allowdeduct_referer').style.display = 'none';
					
					if(!document.getElementById('tr_inp_CPF')){}else{
						document.getElementById('tr_inp_CPF').style.display = 'none';
					}
					
					if(!document.getElementById('tr_inp_SDL')){}else{
						document.getElementById('tr_inp_SDL').style.display = 'none';
					}
					if(!document.getElementById('tr_inp_hrdlevy')){}else{
						document.getElementById('tr_inp_hrdlevy').style.display = 'none';
					}
					document.getElementById('tr_inp_calculatedaily').style.display = 'none';
				} else if ('#REQUEST.SCookie.COTAXCO#' == 'SG'){
				    document.getElementById('tr_inp_netKH').style.display = 'none';
					document.getElementById('tr_inp_netID1').style.display = 'none';
					document.getElementById('tr_inp_netID2').style.display = 'none';
					document.getElementById('tr_inp_netID3').style.display = 'none';//ENC50715-79336
					document.getElementById('tr_inp_netID4').style.display = 'none';//ENC50715-79336
					document.getElementById('tr_inp_netTH').style.display = 'none';
					document.getElementById('tr_inp_netPH').style.display = 'none';
					document.getElementById('tr_inp_netMY').style.display = 'none';
					document.getElementById('tr_inp_netVN').style.display = 'none';
				    document.getElementById('tr_inp_netMM').style.display = 'none'; // TCK2002-0548146
					document.getElementById('tr_inp_taxclass').style.display = 'none';
					document.getElementById('tr_inp_SSS').style.display = 'none';
					document.getElementById('tr_inp_SOCSO').style.display = 'none';
					document.getElementById('tr_inp_EIS').style.display = 'none';
					document.getElementById('tr_inp_EPF').style.display = 'none';
					document.getElementById('tr_inp_MPF').style.display = 'none'; //TCK1911-0531474
					document.getElementById('tr_inp_isprorated').style.display = 'none';
					document.getElementById('tr_inp_allowdeduct_referer').style.display = 'none';

					if(!document.getElementById('tr_inp_hrdlevy')){}else{
						document.getElementById('tr_inp_hrdlevy').style.display = 'none';
					}
					document.getElementById('tr_inp_calculatedaily').style.display = 'none';
				} else if ('#REQUEST.SCookie.COTAXCO#' == 'VN'){
				    document.getElementById('tr_inp_netKH').style.display = 'none';
					document.getElementById('tr_inp_netID1').style.display = 'none';
					document.getElementById('tr_inp_netID2').style.display = 'none';
					document.getElementById('tr_inp_netID3').style.display = 'none';//ENC50715-79336
					document.getElementById('tr_inp_netID4').style.display = '';//ENC50715-79336
					document.getElementById('tr_inp_netTH').style.display = 'none';
					document.getElementById('tr_inp_netPH').style.display = 'none';
					document.getElementById('tr_inp_netMY').style.display = 'none';
					document.getElementById('tr_inp_netSG').style.display = 'none';
				    document.getElementById('tr_inp_netMM').style.display = 'none'; // TCK2002-0548146
					document.getElementById('tr_inp_taxclass').style.display = 'none';
					document.getElementById('tr_inp_SSS').style.display = 'none';
					document.getElementById('tr_inp_SOCSO').style.display = 'none';
					document.getElementById('tr_inp_EIS').style.display = 'none';
					document.getElementById('tr_inp_EPF').style.display = 'none';
					document.getElementById('tr_inp_MPF').style.display = 'none'; //TCK1911-0531474
					document.getElementById('tr_inp_isprorated').style.display = 'none';
					document.getElementById('tr_inp_allowdeduct_referer').style.display = 'none';
					// document.frmComponent.inp_currency_code.value = 'VND'; //TCK2105-0645014
					
					if(!document.getElementById('tr_inp_CPF')){}else{
						document.getElementById('tr_inp_CPF').style.display = 'none';
					}
					
					if(!document.getElementById('tr_inp_SDL')){}else{
						document.getElementById('tr_inp_SDL').style.display = 'none';
					}
				
					if(!document.getElementById('tr_inp_hrdlevy')){}else{
						document.getElementById('tr_inp_hrdlevy').style.display = 'none';
					}
					document.getElementById('tr_inp_calculatedaily').style.display = 'none';
				} else if ('#REQUEST.SCookie.COTAXCO#' == 'KH'){
					document.getElementById('tr_inp_netID1').style.display = 'none';
					document.getElementById('tr_inp_netID2').style.display = 'none';
					document.getElementById('tr_inp_netID3').style.display = 'none';//ENC50715-79336
					document.getElementById('tr_inp_netID4').style.display = '';//ENC50715-79336
					document.getElementById('tr_inp_netTH').style.display = 'none';
					document.getElementById('tr_inp_netPH').style.display = 'none';
					document.getElementById('tr_inp_netMY').style.display = 'none';
					document.getElementById('tr_inp_netSG').style.display = 'none';
					document.getElementById('tr_inp_netVN').style.display = 'none';
				    document.getElementById('tr_inp_netMM').style.display = 'none'; // TCK2002-0548146
					document.getElementById('tr_inp_taxclass').style.display = 'none';
					document.getElementById('tr_inp_SSS').style.display = 'none';
					document.getElementById('tr_inp_SOCSO').style.display = 'none';
					document.getElementById('tr_inp_EIS').style.display = 'none';
					document.getElementById('tr_inp_EPF').style.display = 'none';
					document.getElementById('tr_inp_MPF').style.display = 'none'; //TCK1911-0531474
					document.getElementById('tr_inp_isprorated').style.display = 'none';
					document.getElementById('tr_inp_allowdeduct_referer').style.display = 'none';

					if(!document.getElementById('tr_inp_CPF')){}else{
						document.getElementById('tr_inp_CPF').style.display = 'none';
					}
					
					if(!document.getElementById('tr_inp_SDL')){}else{
						document.getElementById('tr_inp_SDL').style.display = 'none';
					}
				
					if(!document.getElementById('tr_inp_hrdlevy')){}else{
						document.getElementById('tr_inp_hrdlevy').style.display = 'none';
					}
					document.getElementById('tr_inp_calculatedaily').style.display = 'none';
				} else if ('#REQUEST.SCookie.COTAXCO#' == 'HK'){
				    //TCK1911-0531474
				    document.getElementById('tr_inp_netID1').style.display = 'none';
				    document.getElementById('tr_inp_netID2').style.display = 'none';
				    document.getElementById('tr_inp_netID3').style.display = 'none';
				    document.getElementById('tr_inp_netID4').style.display = 'none';
				    document.getElementById('tr_inp_netTH').style.display = 'none';
				    document.getElementById('tr_inp_netPH').style.display = 'none';
				    document.getElementById('tr_inp_netMY').style.display = 'none';
				    document.getElementById('tr_inp_netSG').style.display = 'none';
				    document.getElementById('tr_inp_netVN').style.display = 'none';
				    document.getElementById('tr_inp_netKH').style.display = 'none';
				    document.getElementById('tr_inp_netMM').style.display = 'none'; // TCK2002-0548146
				    document.getElementById('tr_inp_SSS').style.display = 'none';
				    document.getElementById('tr_inp_SOCSO').style.display = 'none';
				    document.getElementById('tr_inp_EIS').style.display = 'none';
				    document.getElementById('tr_inp_EPF').style.display = 'none';
				    document.getElementById('tr_inp_CPF').style.display = 'none';
				    document.getElementById('tr_inp_SDL').style.display = 'none';
				    document.getElementById('tr_inp_hrdlevy').style.display = 'none';
				    document.getElementById('tr_inp_taxed').style.display = 'none';
				    document.getElementById('tr_inp_fixed').style.display = 'none';
				    document.getElementById('tr_inp_taxclass').style.display = 'none';
				    document.getElementById('tr_inp_allowdeduct_class').style.display = 'none';
				    document.getElementById('tr_inp_isprorated').style.display = 'none';
				    document.getElementById('tr_inp_allowdeduct_referer').style.display = 'none';
					document.getElementById('tr_inp_calculatedaily').style.display = 'none';
				/* START - TCK2002-0548146 */
				} else if ('#REQUEST.SCookie.COTAXCO#' == 'MM'){
				    document.getElementById('tr_inp_netID1').style.display = 'none';
				    document.getElementById('tr_inp_netID2').style.display = 'none';
				    document.getElementById('tr_inp_netID3').style.display = 'none';
				    document.getElementById('tr_inp_netID4').style.display = 'none';
				    document.getElementById('tr_inp_netTH').style.display = 'none';
				    document.getElementById('tr_inp_netPH').style.display = 'none';
				    document.getElementById('tr_inp_netMY').style.display = 'none';
				    document.getElementById('tr_inp_netSG').style.display = 'none';
				    document.getElementById('tr_inp_netVN').style.display = 'none';
				    document.getElementById('tr_inp_netKH').style.display = 'none';
				    document.getElementById('tr_inp_SSS').style.display = 'none';
				    document.getElementById('tr_inp_SOCSO').style.display = 'none';
				    document.getElementById('tr_inp_EIS').style.display = 'none';
				    document.getElementById('tr_inp_EPF').style.display = 'none';
				    document.getElementById('tr_inp_CPF').style.display = 'none';
				    document.getElementById('tr_inp_SDL').style.display = 'none';
				    document.getElementById('tr_inp_hrdlevy').style.display = 'none';
				    document.getElementById('tr_inp_fixed').style.display = 'none';
				    document.getElementById('tr_inp_taxclass').style.display = 'none';
				    document.getElementById('tr_inp_allowdeduct_class').style.display = '';
				    document.getElementById('tr_inp_isprorated').style.display = 'none';
				    document.getElementById('tr_inp_allowdeduct_referer').style.display = 'none';
					document.getElementById('tr_inp_MPF').style.display = 'none';
					document.getElementById('tr_inp_calculatedaily').style.display = 'none';
				}
				/* END - TCK2002-0548146 */
			}
			
			payroll_ID();
			
			function prorate_TH(){
				if ('#REQUEST.SCookie.COTAXCO#' == 'TH'){
					if(!document.getElementById('tr_inp_isprorated')){}else{
						if(document.getElementById('inp_isprorated').checked){
							document.getElementById('tr_inp_allowdeduct_referer').style.display = '';
						}else{
							document.getElementById('tr_inp_allowdeduct_referer').style.display = 'none';
						}	
					}			
				}
			}
			
			prorate_TH();
			
			function checkFilter(){
				if('#REQUEST.SCookie.COTAXCO#' == 'MY' || '#REQUEST.SCookie.COTAXCO#' == 'TH'  || '#REQUEST.SCookie.COTAXCO#' == 'PH' || '#REQUEST.SCookie.COTAXCO#' == 'VN' || '#REQUEST.SCookie.COTAXCO#' == 'KH' || '#REQUEST.SCookie.COTAXCO#' == 'MM'){
					var len = arrPAYROLLCOMPONENTREFCOMPCLASS['optvalue'].length;
					var co0 = new Array();
					var co1 = new Array();
					var num = 0;
					
					for (var i=0; i &lt; document.frmComponent.inp_allowdeducttype.length; i++){
						if(document.frmComponent.inp_allowdeducttype[i].checked == true){
							var adtypeval = document.frmComponent.inp_allowdeducttype[i].value;
							
							document.getElementById('inp_allowdeduct_class').options.length = null;
							
							for (var ij=0; ij &lt; len; ij++){
								if (arrPAYROLLCOMPONENTREFCOMPCLASS['opttypelist'][ij].match(adtypeval)){
									num++;
									co0.push(arrPAYROLLCOMPONENTREFCOMPCLASS['optvalue'][ij]);
									co1.push(arrPAYROLLCOMPONENTREFCOMPCLASS['opttext'][ij]);
								}
							}
            							
							var myselect = document.getElementById('inp_allowdeduct_class');
			            
							for (k=0;k[LT]num;k++) {
								myselect.options[myselect.options.length]= new Option(co1[k],co0[k]);
								
								if (k==0) {
									myselect.options[k].selected = true; 
								}
							}
						}
					}
					
					for (l=0;l[LT]document.getElementById('inp_allowdeduct_class').options.length;l++){
						if (document.getElementById('inp_allowdeduct_class').options[l].value==document.getElementById('inp_hdntaxclass').value){
							document.getElementById('inp_allowdeduct_class').options[l].selected = true; 
						}
					}
				}
			}
			
			checkFilter();
			
			function validateOther() {
				var inpFormula=document.frmComponent.inp_allowdeduct_formula.value;
				
				if((document.frmComponent.inp_SOCSO.selectedIndex == 1) [AND] ((inpFormula=="SOCSOCOMPONENTS") || (inpFormula=="SOCSOEMPLOYEE") || (inpFormula=="SOCSOEMPLOYER")) ){
					alert("[SFTEXT:ERFormula Is Not Allowed]");
					return false;
				} else if((document.frmComponent.inp_EPF.selectedIndex == 1) [AND] ((inpFormula=="EPFEMPLOYEE") || (inpFormula=="EPFEMPLOYER") || (inpFormula=="EPFCOMPONENTS")) ){
					alert("[SFTEXT:ERFormula Is Not Allowed]");
					return false;
				}
				if((document.frmComponent.inp_EIS.selectedIndex == 1) [AND] ((inpFormula=="EISCOMPONENTS") || (inpFormula=="EISEMPLOYEE") || (inpFormula=="EISEMPLOYER")) ){
					alert("[SFTEXT:ERFormula Is Not Allowed]");
					return false;
				}
                else if('#REQUEST.SCookie.COTAXCO#' == 'PH' [AND] document.getElementById('inp_iscomponentloan').checked [AND] document.getElementById('inp_loan_code').value == ""){
                    alert("[SFTEXT:ERType of Loan have to be specified]");
                    document.getElementById('inp_loan_code').focus();
                    return false;
                }
                else if('#REQUEST.SCookie.COTAXCO#' == 'PH' [AND] document.getElementById('inp_iscomponentloan').checked [AND] document.getElementById('inp_editable_compresult').checked == false){
                    alert("[SFTEXT:ERUploading and Editing Component Values Must be disabled]");
                    document.getElementById('inp_editable_compresult').focus();
                    return false;
                }
                
                if((document.frmComponent.inp_end_date.value != "")){
                    var start_date = document.getElementById('inp_effective_date');
                    var cal_sdate = (document.frmComponent.cal_effective_date.value);
                    var cal_ndate = (document.frmComponent.cal_end_date.value);
                    var dts = stringToDateJS(cal_sdate,date_input_mask,null,calendar_format);
                    var cal_sdate = dateToStringJS(dts, null, null, "gregorian");
                    var dtn = stringToDateJS(cal_ndate,date_input_mask,null,calendar_format);
                    var cal_ndate = dateToStringJS(dtn, null, null, "gregorian");
                    
                    var sdate = new Date(dts);
                    var ndate = new Date(dtn);
                    /*2015-07-28 end mediana :BUG50715-47436 */
                    if (sdate [gt] ndate){
                        alert("[SFTEXT:ERComponent End Date Must Be Greater Than or Equal Effective Date]");
                        document.frmComponent.inp_end_date.focus();
                        return false;
                    }
                }
                
                if('#REQUEST.SCookie.COTAXCO#' == 'PH' [AND] document.getElementById('inp_iscomponentloan').checked){
                    document.getElementById('inp_allowdeduct_formula').value = document.getElementById('inp_loan_code').value;
                }
                
			    return true;
			}
			
			function formula(obj,event) {
				if (event == undefined) event = window.event || arguments.callee.caller.arguments[0];
				
				if (event.button == 2) {
					document.oncontextmenu=new Function("return false");
					pos=getCaret(obj);
					popWindow('?sfid=include._formulapop&amp;obj='+obj+'&amp;pos='+pos, 'popWin', 500, 400, 'scrollbars=yes');
				}
				
				return true;
			}
			
			var adtypeval = document.frmComponent.inp_hdn_allowdeducttype.value;
			
			if (adtypeval == 'N'){
				if('#REQUEST.SCookie.COTAXCO#' == 'ID'){
					document.frmComponent.inp_taxclass[0].disabled = true;
					document.frmComponent.inp_taxclass[1].disabled = true;
					document.frmComponent.inp_taxclass[2].disabled = true;
					document.frmComponent.inp_netID1[0].disabled = true;
					document.frmComponent.inp_netID1[1].disabled = true;
					document.frmComponent.inp_netID1[2].disabled = true;
					document.frmComponent.inp_netID2[0].disabled = true;
					document.frmComponent.inp_netID2[1].disabled = true;
					document.frmComponent.inp_netID3[0].disabled = true;
					document.frmComponent.inp_netID3[1].disabled = true;
					document.frmComponent.inp_netID3[2].disabled = true;
					document.frmComponent.inp_netID3[3].disabled = true; 
					document.frmComponent.inp_netID4[0].disabled = true;
					document.frmComponent.inp_netID4[1].disabled = true;
					document.frmComponent.inp_netID4[2].disabled = true; 
					document.frmComponent.inp_taxed.disabled = true;
				}else if('#REQUEST.SCookie.COTAXCO#' == 'PH'){
					document.getElementById('tr_inp_netPH').style.display = 'none';
					document.getElementById('tr_inp_fixed').style.display = 'none';
					document.getElementById('tr_inp_taxed').style.display = 'none';
					document.getElementById('tr_inp_SSS').style.display = 'none';								
				}else if('#REQUEST.SCookie.COTAXCO#' == 'MY'){
					document.getElementById('tr_inp_netMY').style.display = 'none';
                }else if('#REQUEST.SCookie.COTAXCO#' == 'SG'){
                    document.getElementById('tr_inp_onpayslip').style.display = 'none'; 
                }
				
                //Start BUG50218-89128 by Kristian
                document.getElementById('inp_taxed').disabled = true;
                document.getElementById('inp_taxed').checked = false;
                //End BUG50218-89128
			} else if (adtypeval == 'D'){
			    if('#REQUEST.SCookie.COTAXCO#' == 'MY'){
					//document.getElementById('tr_inp_exemptionlimit').style.display = 'none';
				}
    		}
    		getLoan();
    		function getLoan(){
    			if(document.getElementById('inp_iscomponentloan').checked){
                    showobjectbyid('tr_inp_loan_code');
                    hideobjectbyid('tr_inp_allowdeduct_formula');
                    document.getElementById('inp_editable_compresult').checked = true;
    			}
    			else{
                    hideobjectbyid('tr_inp_loan_code');
                    showobjectbyid('tr_inp_allowdeduct_formula');
    			}
    		}
		
			function myhide(){
			    var adtypeval2 = document.frmComponent.inp_hdn_allowdeducttype.value;
			    
			    if (adtypeval2 == 'A'){
    			    if('#REQUEST.SCookie.COTAXCO#' == 'MY'){
    					$('optgroup[label=Deduction]').attr('disabled', true);
    				}
    			} else{
    			    if('#REQUEST.SCookie.COTAXCO#' == 'MY'){
    					$('optgroup[label=Deduction]').attr('disabled', false);
    				}
    			}
			}
			
			//TCK2003-0551272
			function inits(){
			    if ('#qForm.ccassignschedule#' == 0){
                    document.getElementById('tr_inp_assignschedule').style.display = 'none';
                } else {
                    document.getElementById('tr_inp_assignschedule').style.display = '';
                }
			}
			
			inits();
		</SCRIPT>
	</SFFORM>
</SFPAGE>















